<?xml version="1.0" encoding="UTF-8" standalone="yes"?>
<addon id="repository.maximus" name="Maximus Addon Repository" version="1.0.2" provider-name="maximus">
        <extension point="xbmc.addon.repository" name="Maximus Addon Repository">
                <info compressed="false">http://see-and-hear.googlecode.com/svn/complementos/addons.xml</info>
                <checksum>http://see-and-hear.googlecode.com/svn/complementos/addons.xml.md5</checksum>
                <datadir zip="true">http://see-and-hear.googlecode.com/svn/complementos</datadir>
        </extension>
        <extension point="xbmc.addon.metadata">
                <summary>Maximus Addon Repository</summary>
                <description>Instala los complementos de IPTVLATINOAMERICA y disfruta viendo tv latina visita nuestra pagina www.iptvlatinoamerica.com</description>
                <platform>all</platform>
        </extension>
</addon>