<?xml version="1.0" encoding="UTF-8" standalone="yes"?>
<addon id="repository.maximus" name="Maximus Addon Repository" version="1.0" provider-name="maximus">
        <extension point="xbmc.addon.repository" name="Maximus Addon Repository">
                <info compressed="false">https://see-and-hear.googlecode.com/svn/addons/repository.maximus.1.0/addon.xml</info>
                <checksum>https://see-and-hear.googlecode.com/svn/addons/repository.maximus.1.0/addon.xml.md5</checksum>
                <datadir zip="true">http://bitbucket.org/shani-08/shanixbmcwork/raw/master/zips</datadir>
        </extension>
        <extension point="xbmc.addon.metadata">
                <summary>Maximus Addon Repository</summary>
                <description>LOS MEJORES COMPLEMENTOS PARA TU XBMC/KODI EN ESPA�OL: IPTVLATINOAMERICA/PELISALACARTA/UTORRENT/ ETC.</description>
                <platform>all</platform>
        </extension>
</addon>